{"$schema":"http://schema.management.azure.com/schemas/2015-01-01/deploymentTemplate.json#","contentVersion":"1.0.0.0","parameters":{"factoryName":{"type":"string","metadata":"Data Factory name"},"TVM_Rest_Vulnerabilities_Connect":{"type":"string"},"CyberEstateDataLake":{"type":"string"},"TVM_Rest_Software_Connection":{"type":"string"},"TVM_Rest_Firmware_Connection":{"type":"string"}},"variables":{"factoryId":"[concat('Microsoft.DataFactory/factories/', parameters('factoryName'))]"},"resources":[{"name":"[concat(parameters('factoryName'), '/AHTVM')]","type":"Microsoft.DataFactory/factories/pipelines","apiVersion":"2018-06-01","properties":{"activities":[{"name":"TVM_Rest_Vuln_COPY","type":"Copy","dependsOn":[],"policy":{"timeout":"0.12:00:00","retry":0,"retryIntervalInSeconds":30,"secureOutput":false,"secureInput":false},"userProperties":[],"typeProperties":{"source":{"type":"RestSource","httpRequestTimeout":"00:01:40","requestInterval":"00.00:00:00.010","requestMethod":"GET","paginationRules":{"AbsoluteUrl":"$['@odata.nextLink']"}},"sink":{"type":"JsonSink","storeSettings":{"type":"AzureBlobFSWriteSettings","maxConcurrentConnections":2,"copyBehavior":"PreserveHierarchy","blockSizeInMB":4},"formatSettings":{"type":"JsonWriteSettings","filePattern":"arrayOfObjects"}},"enableStaging":false},"inputs":[{"referenceName":"TVM_Rest_Vuln_Connection","type":"DatasetReference","parameters":{}}],"outputs":[{"referenceName":"TVM_Vuln_DeviceName_Out","type":"DatasetReference","parameters":{}}]},{"name":"TVM_Rest_Vuln_Software_COPY","type":"Copy","dependsOn":[],"policy":{"timeout":"0.12:00:00","retry":0,"retryIntervalInSeconds":30,"secureOutput":false,"secureInput":false},"userProperties":[],"typeProperties":{"source":{"type":"RestSource","httpRequestTimeout":"00:01:40","requestInterval":"00.00:00:00.010","requestMethod":"GET","paginationRules":{"AbsoluteUrl":"$['@odata.nextLink']"}},"sink":{"type":"JsonSink","storeSettings":{"type":"AzureBlobFSWriteSettings","maxConcurrentConnections":2,"copyBehavior":"PreserveHierarchy","blockSizeInMB":4},"formatSettings":{"type":"JsonWriteSettings","filePattern":"arrayOfObjects"}},"enableStaging":false},"inputs":[{"referenceName":"TVM_Rest_Software_Connection","type":"DatasetReference","parameters":{}}],"outputs":[{"referenceName":"TVM_Vuln_Software_Out","type":"DatasetReference","parameters":{}}]},{"name":"TVM_Rest_Vuln_Firmware_COPY","type":"Copy","dependsOn":[],"policy":{"timeout":"0.12:00:00","retry":0,"retryIntervalInSeconds":30,"secureOutput":false,"secureInput":false},"userProperties":[],"typeProperties":{"source":{"type":"RestSource","httpRequestTimeout":"00:01:40","requestInterval":"00.00:00:00.010","requestMethod":"GET","paginationRules":{"AbsoluteUrl":"$['@odata.nextLink']"}},"sink":{"type":"JsonSink","storeSettings":{"type":"AzureBlobFSWriteSettings","maxConcurrentConnections":2,"copyBehavior":"PreserveHierarchy","blockSizeInMB":4},"formatSettings":{"type":"JsonWriteSettings","filePattern":"arrayOfObjects"}},"enableStaging":false},"inputs":[{"referenceName":"TVM_Rest_Firmware_Connection","type":"DatasetReference","parameters":{}}],"outputs":[{"referenceName":"TVM_Vuln_Firmware_Out","type":"DatasetReference","parameters":{}}]}],"policy":{"elapsedTimeMetric":{}},"annotations":[],"lastPublishTime":"2024-02-09T20:19:21Z"},"dependsOn":["[concat(variables('factoryId'), '/datasets/TVM_Rest_Vuln_Connection')]","[concat(variables('factoryId'), '/datasets/TVM_Vuln_DeviceName_Out')]","[concat(variables('factoryId'), '/datasets/TVM_Rest_Software_Connection')]","[concat(variables('factoryId'), '/datasets/TVM_Vuln_Software_Out')]","[concat(variables('factoryId'), '/datasets/TVM_Rest_Firmware_Connection')]","[concat(variables('factoryId'), '/datasets/TVM_Vuln_Firmware_Out')]"]},{"name":"[concat(parameters('factoryName'), '/TVM_Rest_Vuln_Connection')]","type":"Microsoft.DataFactory/factories/datasets","apiVersion":"2018-06-01","properties":{"linkedServiceName":{"referenceName":"[parameters('TVM_Rest_Vulnerabilities_Connect')]","type":"LinkedServiceReference"},"annotations":[],"type":"RestResource","typeProperties":{},"schema":[]},"dependsOn":[]},{"name":"[concat(parameters('factoryName'), '/TVM_Vuln_DeviceName_Out')]","type":"Microsoft.DataFactory/factories/datasets","apiVersion":"2018-06-01","properties":{"linkedServiceName":{"referenceName":"[parameters('CyberEstateDataLake')]","type":"LinkedServiceReference"},"annotations":[],"type":"Json","typeProperties":{"location":{"type":"AzureBlobFSLocation","fileName":{"value":"@{formatDateTime(utcNow(), 'dd-HH-mm')}.json.gz","type":"Expression"},"folderPath":{"value":"@{formatDateTime(utcNow(), 'yyyyMMdd')}","type":"Expression"},"fileSystem":"adf-tvm-vuln-devicename"},"compression":{"type":"gzip"}},"schema":{}},"dependsOn":[]},{"name":"[concat(parameters('factoryName'), '/TVM_Rest_Software_Connection')]","type":"Microsoft.DataFactory/factories/datasets","apiVersion":"2018-06-01","properties":{"linkedServiceName":{"referenceName":"[parameters('TVM_Rest_Software_Connection')]","type":"LinkedServiceReference"},"annotations":[],"type":"RestResource","typeProperties":{},"schema":[]},"dependsOn":[]},{"name":"[concat(parameters('factoryName'), '/TVM_Vuln_Software_Out')]","type":"Microsoft.DataFactory/factories/datasets","apiVersion":"2018-06-01","properties":{"linkedServiceName":{"referenceName":"[parameters('CyberEstateDataLake')]","type":"LinkedServiceReference"},"annotations":[],"type":"Json","typeProperties":{"location":{"type":"AzureBlobFSLocation","fileName":{"value":"@{formatDateTime(utcNow(), 'dd-HH-mm')}.json.gz","type":"Expression"},"folderPath":{"value":"@{formatDateTime(utcNow(), 'yyyyMMdd')}","type":"Expression"},"fileSystem":"adf-tvm-software"},"compression":{"type":"gzip"}},"schema":{}},"dependsOn":[]},{"name":"[concat(parameters('factoryName'), '/TVM_Rest_Firmware_Connection')]","type":"Microsoft.DataFactory/factories/datasets","apiVersion":"2018-06-01","properties":{"linkedServiceName":{"referenceName":"[parameters('TVM_Rest_Firmware_Connection')]","type":"LinkedServiceReference"},"annotations":[],"type":"RestResource","typeProperties":{},"schema":[]},"dependsOn":[]},{"name":"[concat(parameters('factoryName'), '/TVM_Vuln_Firmware_Out')]","type":"Microsoft.DataFactory/factories/datasets","apiVersion":"2018-06-01","properties":{"linkedServiceName":{"referenceName":"[parameters('CyberEstateDataLake')]","type":"LinkedServiceReference"},"annotations":[],"type":"Json","typeProperties":{"location":{"type":"AzureBlobFSLocation","fileName":{"value":"@{formatDateTime(utcNow(), 'dd-HH-mm')}.json.gz","type":"Expression"},"folderPath":{"value":"@{formatDateTime(utcNow(), 'yyyyMMdd')}","type":"Expression"},"fileSystem":"adf-tvm-firmware"},"compression":{"type":"gzip"}},"schema":{}},"dependsOn":[]}]}